,precision,recall,f1-score,support
benign,0.8143236074270557,0.8527777777777777,0.8331071913161465,360.0
malignant,0.8127208480565371,0.7666666666666667,0.7890222984562607,300.0
accuracy,0.8136363636363636,0.8136363636363636,0.8136363636363636,0.8136363636363636
macro avg,0.8135222277417964,0.8097222222222222,0.8110647448862036,660.0
weighted avg,0.8135950804404564,0.8136363636363636,0.8130686036525621,660.0
