{"benign":{"precision":0.8696969697,"recall":0.7972222222,"f1-score":0.831884058,"support":360.0},"malignant":{"precision":0.7760736196,"recall":0.8547297297,"f1-score":0.8135048232,"support":296.0},"accuracy":{"precision":0.8231707317,"recall":0.8231707317,"f1-score":0.8231707317,"support":0.8231707317},"macro avg":{"precision":0.8228852947,"recall":0.825975976,"f1-score":0.8226944406,"support":656.0},"weighted avg":{"precision":0.8274522874,"recall":0.8231707317,"f1-score":0.8235909886,"support":656.0}}