,precision,recall,f1-score,support
benign,0.8721590909090909,0.8527777777777777,0.8623595505617978,360.0
malignant,0.8256578947368421,0.847972972972973,0.8366666666666667,296.0
accuracy,0.850609756097561,0.850609756097561,0.850609756097561,0.850609756097561
macro avg,0.8489084928229665,0.8503753753753753,0.8495131086142322,656.0
weighted avg,0.8511768438557592,0.850609756097561,0.8507664200237509,656.0
