,precision,recall,f1-score,support
benign,0.8617021276595744,0.9,0.8804347826086957,360.0
malignant,0.8714285714285714,0.8243243243243243,0.8472222222222222,296.0
accuracy,0.8658536585365854,0.8658536585365854,0.8658536585365854,0.8658536585365854
macro avg,0.8665653495440729,0.8621621621621622,0.8638285024154589,656.0
weighted avg,0.8660908888724146,0.8658536585365854,0.86544862731236,656.0
