{"benign":{"precision":0.8402203857,"recall":0.8472222222,"f1-score":0.8437067773,"support":360.0},"malignant":{"precision":0.8122866894,"recall":0.8040540541,"f1-score":0.8081494058,"support":296.0},"accuracy":{"precision":0.8277439024,"recall":0.8277439024,"f1-score":0.8277439024,"support":0.8277439024},"macro avg":{"precision":0.8262535375,"recall":0.8256381381,"f1-score":0.8259280915,"support":656.0},"weighted avg":{"precision":0.8276161569,"recall":0.8277439024,"f1-score":0.8276625975,"support":656.0}}