,precision,recall,f1-score,support
benign,0.8859649122807017,0.8416666666666667,0.8632478632478633,360.0
malignant,0.8184713375796179,0.8682432432432432,0.8426229508196721,296.0
accuracy,0.8536585365853658,0.8536585365853658,0.8536585365853658,0.8536585365853658
macro avg,0.8522181249301598,0.8549549549549549,0.8529354070337677,656.0
weighted avg,0.8555104944277736,0.8536585365853658,0.8539415003229477,656.0
