,precision,recall,f1-score,support
benign,0.847769028871391,0.8972222222222223,0.8717948717948718,360.0
malignant,0.8654545454545455,0.8040540540540541,0.8336252189141856,296.0
accuracy,0.8551829268292683,0.8551829268292683,0.8551829268292683,0.8551829268292683
macro avg,0.8566117871629683,0.8506381381381382,0.8527100453545287,656.0
weighted avg,0.8557490790369607,0.8551829268292683,0.8545719796413914,656.0
