{"benign":{"precision":0.8972809668,"recall":0.825,"f1-score":0.8596237337,"support":360.0},"malignant":{"precision":0.8061538462,"recall":0.8851351351,"f1-score":0.8438003221,"support":296.0},"accuracy":{"precision":0.8521341463,"recall":0.8521341463,"f1-score":0.8521341463,"support":0.8521341463},"macro avg":{"precision":0.8517174065,"recall":0.8550675676,"f1-score":0.8517120279,"support":656.0},"weighted avg":{"precision":0.8561626319,"recall":0.8521341463,"f1-score":0.8524839016,"support":656.0}}