{"benign":{"precision":0.9032258065,"recall":0.7777777778,"f1-score":0.8358208955,"support":360.0},"malignant":{"precision":0.7714285714,"recall":0.9,"f1-score":0.8307692308,"support":300.0},"accuracy":{"precision":0.8333333333,"recall":0.8333333333,"f1-score":0.8333333333,"support":0.8333333333},"macro avg":{"precision":0.8373271889,"recall":0.8388888889,"f1-score":0.8332950631,"support":660.0},"weighted avg":{"precision":0.8433179724,"recall":0.8333333333,"f1-score":0.8335246843,"support":660.0}}