{"benign":{"precision":0.7614457831,"recall":0.8777777778,"f1-score":0.815483871,"support":360.0},"malignant":{"precision":0.8204081633,"recall":0.67,"f1-score":0.7376146789,"support":300.0},"accuracy":{"precision":0.7833333333,"recall":0.7833333333,"f1-score":0.7833333333,"support":0.7833333333},"macro avg":{"precision":0.7909269732,"recall":0.7738888889,"f1-score":0.7765492749,"support":660.0},"weighted avg":{"precision":0.788246865,"recall":0.7833333333,"f1-score":0.7800887837,"support":660.0}}