{"benign":{"precision":0.8612716763,"recall":0.8277777778,"f1-score":0.8441926346,"support":360.0},"malignant":{"precision":0.8025477707,"recall":0.84,"f1-score":0.8208469055,"support":300.0},"accuracy":{"precision":0.8333333333,"recall":0.8333333333,"f1-score":0.8333333333,"support":0.8333333333},"macro avg":{"precision":0.8319097235,"recall":0.8338888889,"f1-score":0.83251977,"support":660.0},"weighted avg":{"precision":0.8345789919,"recall":0.8333333333,"f1-score":0.8335809396,"support":660.0}}