,precision,recall,f1-score,support
benign,0.860655737704918,0.875,0.8677685950413223,360.0
malignant,0.8448275862068966,0.8277027027027027,0.8361774744027304,296.0
accuracy,0.8536585365853658,0.8536585365853658,0.8536585365853658,0.8536585365853658
macro avg,0.8527416619559073,0.8513513513513513,0.8519730347220263,656.0
weighted avg,0.8535137669070303,0.8536585365853658,0.8535140649970797,656.0
