,precision,recall,f1-score,support
benign,0.8502994011976048,0.7888888888888889,0.8184438040345822,360.0
malignant,0.7639751552795031,0.831081081081081,0.7961165048543689,296.0
accuracy,0.8079268292682927,0.8079268292682927,0.8079268292682927,0.8079268292682927
macro avg,0.807137278238554,0.809984984984985,0.8072801544444755,656.0
weighted avg,0.8113482170638273,0.8079268292682927,0.8083692909898519,656.0
