{"benign":{"precision":0.8436578171,"recall":0.7944444444,"f1-score":0.8183118741,"support":360.0},"malignant":{"precision":0.7665615142,"recall":0.8209459459,"f1-score":0.792822186,"support":296.0},"accuracy":{"precision":0.806402439,"recall":0.806402439,"f1-score":0.806402439,"support":0.806402439},"macro avg":{"precision":0.8051096657,"recall":0.8076951952,"f1-score":0.80556703,"support":656.0},"weighted avg":{"precision":0.8088704609,"recall":0.806402439,"f1-score":0.8068104295,"support":656.0}}