{"benign":{"precision":0.8721590909,"recall":0.8527777778,"f1-score":0.8623595506,"support":360.0},"malignant":{"precision":0.8256578947,"recall":0.847972973,"f1-score":0.8366666667,"support":296.0},"accuracy":{"precision":0.8506097561,"recall":0.8506097561,"f1-score":0.8506097561,"support":0.8506097561},"macro avg":{"precision":0.8489084928,"recall":0.8503753754,"f1-score":0.8495131086,"support":656.0},"weighted avg":{"precision":0.8511768439,"recall":0.8506097561,"f1-score":0.85076642,"support":656.0}}