,precision,recall,f1-score,support
benign,0.9015873015873016,0.7888888888888889,0.8414814814814815,360.0
malignant,0.7771260997067448,0.8952702702702703,0.8320251177394035,296.0
accuracy,0.836890243902439,0.836890243902439,0.836890243902439,0.836890243902439
macro avg,0.8393567006470233,0.8420795795795796,0.8367532996104425,656.0
weighted avg,0.8454279787875382,0.836890243902439,0.8372145856466414,656.0
