{"benign":{"precision":0.9015873016,"recall":0.7888888889,"f1-score":0.8414814815,"support":360.0},"malignant":{"precision":0.7771260997,"recall":0.8952702703,"f1-score":0.8320251177,"support":296.0},"accuracy":{"precision":0.8368902439,"recall":0.8368902439,"f1-score":0.8368902439,"support":0.8368902439},"macro avg":{"precision":0.8393567006,"recall":0.8420795796,"f1-score":0.8367532996,"support":656.0},"weighted avg":{"precision":0.8454279788,"recall":0.8368902439,"f1-score":0.8372145856,"support":656.0}}