{"benign":{"precision":0.8681318681,"recall":0.8777777778,"f1-score":0.8729281768,"support":360.0},"malignant":{"precision":0.8493150685,"recall":0.8378378378,"f1-score":0.843537415,"support":296.0},"accuracy":{"precision":0.8597560976,"recall":0.8597560976,"f1-score":0.8597560976,"support":0.8597560976},"macro avg":{"precision":0.8587234683,"recall":0.8578078078,"f1-score":0.8582327959,"support":656.0},"weighted avg":{"precision":0.859641361,"recall":0.8597560976,"f1-score":0.8596664916,"support":656.0}}