{"benign":{"precision":0.8943894389,"recall":0.7527777778,"f1-score":0.8174962293,"support":360.0},"malignant":{"precision":0.7478753541,"recall":0.8918918919,"f1-score":0.813559322,"support":296.0},"accuracy":{"precision":0.8155487805,"recall":0.8155487805,"f1-score":0.8155487805,"support":0.8155487805},"macro avg":{"precision":0.8211323965,"recall":0.8223348348,"f1-score":0.8155277756,"support":656.0},"weighted avg":{"precision":0.8282794251,"recall":0.8155487805,"f1-score":0.8157198199,"support":656.0}}