{"benign":{"precision":0.8742857143,"recall":0.85,"f1-score":0.861971831,"support":360.0},"malignant":{"precision":0.8235294118,"recall":0.8513513514,"f1-score":0.8372093023,"support":296.0},"accuracy":{"precision":0.8506097561,"recall":0.8506097561,"f1-score":0.8506097561,"support":0.8506097561},"macro avg":{"precision":0.848907563,"recall":0.8506756757,"f1-score":0.8495905667,"support":656.0},"weighted avg":{"precision":0.8513834802,"recall":0.8506097561,"f1-score":0.8507984949,"support":656.0}}