{"benign":{"precision":0.9173789174,"recall":0.8944444444,"f1-score":0.905766526,"support":360.0},"malignant":{"precision":0.8770226537,"recall":0.9033333333,"f1-score":0.8899835796,"support":300.0},"accuracy":{"precision":0.8984848485,"recall":0.8984848485,"f1-score":0.8984848485,"support":0.8984848485},"macro avg":{"precision":0.8972007856,"recall":0.8988888889,"f1-score":0.8978750528,"support":660.0},"weighted avg":{"precision":0.8990351612,"recall":0.8984848485,"f1-score":0.8985924595,"support":660.0}}