,precision,recall,f1-score,support
benign,0.8676923076923077,0.7833333333333333,0.8233576642335766,360.0
malignant,0.7643504531722054,0.8547297297297297,0.8070175438596491,296.0
accuracy,0.8155487804878049,0.8155487804878049,0.8155487804878049,0.8155487804878049
macro avg,0.8160213804322565,0.8190315315315315,0.8151876040466128,656.0
weighted avg,0.8210624465064078,0.8155487804878049,0.8159846830892435,656.0
