{"benign":{"precision":0.8502994012,"recall":0.7888888889,"f1-score":0.818443804,"support":360.0},"malignant":{"precision":0.7639751553,"recall":0.8310810811,"f1-score":0.7961165049,"support":296.0},"accuracy":{"precision":0.8079268293,"recall":0.8079268293,"f1-score":0.8079268293,"support":0.8079268293},"macro avg":{"precision":0.8071372782,"recall":0.809984985,"f1-score":0.8072801544,"support":656.0},"weighted avg":{"precision":0.8113482171,"recall":0.8079268293,"f1-score":0.808369291,"support":656.0}}