,precision,recall,f1-score,support
benign,0.872093023255814,0.8333333333333334,0.8522727272727273,360.0
malignant,0.8076923076923077,0.8513513513513513,0.8289473684210527,296.0
accuracy,0.8414634146341463,0.8414634146341463,0.8414634146341463,0.8414634146341463
macro avg,0.8398926654740608,0.8423423423423424,0.84061004784689,656.0
weighted avg,0.8430341637942319,0.8414634146341463,0.8417478702298985,656.0
