{"benign":{"precision":0.89375,"recall":0.7944444444,"f1-score":0.8411764706,"support":360.0},"malignant":{"precision":0.7797619048,"recall":0.8851351351,"f1-score":0.8291139241,"support":296.0},"accuracy":{"precision":0.8353658537,"recall":0.8353658537,"f1-score":0.8353658537,"support":0.8353658537},"macro avg":{"precision":0.8367559524,"recall":0.8397897898,"f1-score":0.8351451973,"support":656.0},"weighted avg":{"precision":0.8423163473,"recall":0.8353658537,"f1-score":0.8357336142,"support":656.0}}