,precision,recall,f1-score,support
benign,0.8346883468834688,0.8555555555555555,0.8449931412894376,360.0
malignant,0.8213058419243986,0.7966666666666666,0.8087986463620981,300.0
accuracy,0.8287878787878787,0.8287878787878787,0.8287878787878787,0.8287878787878787
macro avg,0.8279970944039337,0.826111111111111,0.8268958938257678,660.0
weighted avg,0.8286053900838916,0.8287878787878787,0.8285410981406468,660.0
