{"benign":{"precision":0.8641618497,"recall":0.8305555556,"f1-score":0.8470254958,"support":360.0},"malignant":{"precision":0.8032258065,"recall":0.8412162162,"f1-score":0.8217821782,"support":296.0},"accuracy":{"precision":0.8353658537,"recall":0.8353658537,"f1-score":0.8353658537,"support":0.8353658537},"macro avg":{"precision":0.8336938281,"recall":0.8358858859,"f1-score":0.834403837,"support":656.0},"weighted avg":{"precision":0.836666318,"recall":0.8353658537,"f1-score":0.8356352183,"support":656.0}}