,precision,recall,f1-score,support
benign,0.8351648351648352,0.8444444444444444,0.8397790055248618,360.0
malignant,0.8082191780821918,0.7972972972972973,0.8027210884353742,296.0
accuracy,0.823170731707317,0.823170731707317,0.823170731707317,0.823170731707317
macro avg,0.8216920066235135,0.8208708708708709,0.821250046980118,656.0
weighted avg,0.8230064289202278,0.823170731707317,0.8230577502527759,656.0
