{"benign":{"precision":0.8241469816,"recall":0.8722222222,"f1-score":0.8475033738,"support":360.0},"malignant":{"precision":0.8327272727,"recall":0.7736486486,"f1-score":0.8021015762,"support":296.0},"accuracy":{"precision":0.8277439024,"recall":0.8277439024,"f1-score":0.8277439024,"support":0.8277439024},"macro avg":{"precision":0.8284371272,"recall":0.8229354354,"f1-score":0.824802475,"support":656.0},"weighted avg":{"precision":0.8280185764,"recall":0.8277439024,"f1-score":0.8270171968,"support":656.0}}