,precision,recall,f1-score,support
benign,0.8413597733711048,0.825,0.8330995792426368,360.0
malignant,0.7920792079207921,0.8108108108108109,0.8013355592654424,296.0
accuracy,0.8185975609756098,0.8185975609756098,0.8185975609756098,0.8185975609756098
macro avg,0.8167194906459485,0.8179054054054054,0.8172175692540395,656.0
weighted avg,0.819123420667915,0.8185975609756098,0.8187670336431712,656.0
