,precision,recall,f1-score,support
benign,0.8931750741839762,0.8361111111111111,0.8637015781922525,360.0
malignant,0.8150470219435737,0.8783783783783784,0.8455284552845529,296.0
accuracy,0.8551829268292683,0.8551829268292683,0.8551829268292683,0.8551829268292683
macro avg,0.854111048063775,0.8572447447447448,0.8546150167384027,656.0
weighted avg,0.8579221725633068,0.8551829268292683,0.8555015105387783,656.0
