{"benign":{"precision":0.8588235294,"recall":0.8111111111,"f1-score":0.8342857143,"support":360.0},"malignant":{"precision":0.7848101266,"recall":0.8378378378,"f1-score":0.8104575163,"support":296.0},"accuracy":{"precision":0.8231707317,"recall":0.8231707317,"f1-score":0.8231707317,"support":0.8231707317},"macro avg":{"precision":0.821816828,"recall":0.8244744745,"f1-score":0.8223716153,"support":656.0},"weighted avg":{"precision":0.8254272379,"recall":0.8231707317,"f1-score":0.8235339664,"support":656.0}}