{"benign":{"precision":0.8882352941,"recall":0.8388888889,"f1-score":0.8628571429,"support":360.0},"malignant":{"precision":0.8164556962,"recall":0.8716216216,"f1-score":0.8431372549,"support":296.0},"accuracy":{"precision":0.8536585366,"recall":0.8536585366,"f1-score":0.8536585366,"support":0.8536585366},"macro avg":{"precision":0.8523454952,"recall":0.8552552553,"f1-score":0.8529971989,"support":656.0},"weighted avg":{"precision":0.855846939,"recall":0.8536585366,"f1-score":0.8539591446,"support":656.0}}