,precision,recall,f1-score,support
benign,0.9050632911392406,0.7944444444444444,0.8461538461538461,360.0
malignant,0.7823529411764706,0.8986486486486487,0.8364779874213837,296.0
accuracy,0.8414634146341463,0.8414634146341463,0.8414634146341463,0.8414634146341463
macro avg,0.8437081161578556,0.8465465465465465,0.841315916787615,656.0
weighted avg,0.8496939868877468,0.8414634146341463,0.8417879098965154,656.0
