{"benign":{"precision":0.8360655738,"recall":0.85,"f1-score":0.8429752066,"support":360.0},"malignant":{"precision":0.8137931034,"recall":0.7972972973,"f1-score":0.8054607509,"support":296.0},"accuracy":{"precision":0.8262195122,"recall":0.8262195122,"f1-score":0.8262195122,"support":0.8262195122},"macro avg":{"precision":0.8249293386,"recall":0.8236486486,"f1-score":0.8242179787,"support":656.0},"weighted avg":{"precision":0.8260158006,"recall":0.8262195122,"f1-score":0.8260479522,"support":656.0}}