,precision,recall,f1-score,support
benign,0.9053254437869822,0.85,0.8767908309455588,360.0
malignant,0.8322981366459627,0.8933333333333333,0.8617363344051447,300.0
accuracy,0.8696969696969697,0.8696969696969697,0.8696969696969697,0.8696969696969697
macro avg,0.8688117902164725,0.8716666666666666,0.8692635826753518,660.0
weighted avg,0.8721312132683369,0.8696969696969697,0.8699478779726433,660.0
