,precision,recall,f1-score,support
benign,0.8583569405099151,0.8416666666666667,0.8499298737727911,360.0
malignant,0.8118811881188119,0.831081081081081,0.8213689482470785,296.0
accuracy,0.836890243902439,0.836890243902439,0.836890243902439,0.836890243902439
macro avg,0.8351190643143636,0.8363738738738739,0.8356494110099348,656.0
weighted avg,0.8373861741871003,0.836890243902439,0.8370426268892378,656.0
