{"benign":{"precision":0.8632478632,"recall":0.8416666667,"f1-score":0.8523206751,"support":360.0},"malignant":{"precision":0.8131147541,"recall":0.8378378378,"f1-score":0.8252911814,"support":296.0},"accuracy":{"precision":0.8399390244,"recall":0.8399390244,"f1-score":0.8399390244,"support":0.8399390244},"macro avg":{"precision":0.8381813087,"recall":0.8397522523,"f1-score":0.8388059282,"support":656.0},"weighted avg":{"precision":0.8406268262,"recall":0.8399390244,"f1-score":0.8401244401,"support":656.0}}