{"benign":{"precision":0.8143236074,"recall":0.8527777778,"f1-score":0.8331071913,"support":360.0},"malignant":{"precision":0.8127208481,"recall":0.7666666667,"f1-score":0.7890222985,"support":300.0},"accuracy":{"precision":0.8136363636,"recall":0.8136363636,"f1-score":0.8136363636,"support":0.8136363636},"macro avg":{"precision":0.8135222277,"recall":0.8097222222,"f1-score":0.8110647449,"support":660.0},"weighted avg":{"precision":0.8135950804,"recall":0.8136363636,"f1-score":0.8130686037,"support":660.0}}