,precision,recall,f1-score,support
benign,0.8651026392961877,0.8194444444444444,0.8416547788873039,360.0
malignant,0.7936507936507936,0.8445945945945946,0.8183306055646481,296.0
accuracy,0.8307926829268293,0.8307926829268293,0.8307926829268293,0.8307926829268293
macro avg,0.8293767164734906,0.8320195195195195,0.8299926922259759,656.0
weighted avg,0.8328621723586318,0.8307926829268293,0.8311304567783007,656.0
