{"benign":{"precision":0.8595505618,"recall":0.85,"f1-score":0.8547486034,"support":360.0},"malignant":{"precision":0.82,"recall":0.8310810811,"f1-score":0.8255033557,"support":296.0},"accuracy":{"precision":0.8414634146,"recall":0.8414634146,"f1-score":0.8414634146,"support":0.8414634146},"macro avg":{"precision":0.8397752809,"recall":0.8405405405,"f1-score":0.8401259795,"support":656.0},"weighted avg":{"precision":0.8417045766,"recall":0.8414634146,"f1-score":0.841552577,"support":656.0}}