{"benign":{"precision":0.8520710059,"recall":0.8,"f1-score":0.8252148997,"support":360.0},"malignant":{"precision":0.7735849057,"recall":0.8310810811,"f1-score":0.8013029316,"support":296.0},"accuracy":{"precision":0.8140243902,"recall":0.8140243902,"f1-score":0.8140243902,"support":0.8140243902},"macro avg":{"precision":0.8128279558,"recall":0.8155405405,"f1-score":0.8132589157,"support":656.0},"weighted avg":{"precision":0.816656546,"recall":0.8140243902,"f1-score":0.8144253531,"support":656.0}}