{"benign":{"precision":0.8993710692,"recall":0.7944444444,"f1-score":0.8436578171,"support":360.0},"malignant":{"precision":0.7810650888,"recall":0.8918918919,"f1-score":0.832807571,"support":296.0},"accuracy":{"precision":0.8384146341,"recall":0.8384146341,"f1-score":0.8384146341,"support":0.8384146341},"macro avg":{"precision":0.840218079,"recall":0.8431681682,"f1-score":0.838232694,"support":656.0},"weighted avg":{"precision":0.8459891024,"recall":0.8384146341,"f1-score":0.8387619743,"support":656.0}}