{"benign":{"precision":0.861971831,"recall":0.85,"f1-score":0.8559440559,"support":360.0},"malignant":{"precision":0.8205980066,"recall":0.8344594595,"f1-score":0.8274706868,"support":296.0},"accuracy":{"precision":0.8429878049,"recall":0.8429878049,"f1-score":0.8429878049,"support":0.8429878049},"macro avg":{"precision":0.8412849188,"recall":0.8422297297,"f1-score":0.8417073714,"support":656.0},"weighted avg":{"precision":0.8433031541,"recall":0.8429878049,"f1-score":0.8430963162,"support":656.0}}