{"benign":{"precision":0.8774373259,"recall":0.875,"f1-score":0.876216968,"support":360.0},"malignant":{"precision":0.8484848485,"recall":0.8513513514,"f1-score":0.849915683,"support":296.0},"accuracy":{"precision":0.8643292683,"recall":0.8643292683,"f1-score":0.8643292683,"support":0.8643292683},"macro avg":{"precision":0.8629610872,"recall":0.8631756757,"f1-score":0.8630663255,"support":656.0},"weighted avg":{"precision":0.8643734032,"recall":0.8643292683,"f1-score":0.864349315,"support":656.0}}