{"benign":{"precision":0.8351648352,"recall":0.8444444444,"f1-score":0.8397790055,"support":360.0},"malignant":{"precision":0.8082191781,"recall":0.7972972973,"f1-score":0.8027210884,"support":296.0},"accuracy":{"precision":0.8231707317,"recall":0.8231707317,"f1-score":0.8231707317,"support":0.8231707317},"macro avg":{"precision":0.8216920066,"recall":0.8208708709,"f1-score":0.821250047,"support":656.0},"weighted avg":{"precision":0.8230064289,"recall":0.8231707317,"f1-score":0.8230577503,"support":656.0}}