,precision,recall,f1-score,support
benign,0.7614457831325301,0.8777777777777778,0.8154838709677419,360.0
malignant,0.8204081632653061,0.67,0.7376146788990826,300.0
accuracy,0.7833333333333333,0.7833333333333333,0.7833333333333333,0.7833333333333333
macro avg,0.7909269731989181,0.7738888888888888,0.7765492749334122,660.0
weighted avg,0.7882468650110647,0.7833333333333333,0.7800887836638059,660.0
