,precision,recall,f1-score,support
benign,0.907051282051282,0.7861111111111111,0.8422619047619048,360.0
malignant,0.7761627906976745,0.902027027027027,0.834375,296.0
accuracy,0.8384146341463414,0.8384146341463414,0.8384146341463414,0.8384146341463414
macro avg,0.8416070363744783,0.8440690690690691,0.8383184523809524,656.0
weighted avg,0.8479918408307517,0.8384146341463414,0.8387031794425087,656.0
