{"benign":{"precision":0.8379120879,"recall":0.8472222222,"f1-score":0.8425414365,"support":360.0},"malignant":{"precision":0.8116438356,"recall":0.8006756757,"f1-score":0.806122449,"support":296.0},"accuracy":{"precision":0.8262195122,"recall":0.8262195122,"f1-score":0.8262195122,"support":0.8262195122},"macro avg":{"precision":0.8247779618,"recall":0.8239489489,"f1-score":0.8243319427,"support":656.0},"weighted avg":{"precision":0.8260593399,"recall":0.8262195122,"f1-score":0.8261084787,"support":656.0}}