,precision,recall,f1-score,support
benign,0.8972809667673716,0.825,0.8596237337192475,360.0
malignant,0.8061538461538461,0.8851351351351351,0.8438003220611916,296.0
accuracy,0.8521341463414634,0.8521341463414634,0.8521341463414634,0.8521341463414634
macro avg,0.8517174064606088,0.8550675675675675,0.8517120278902195,656.0
weighted avg,0.8561626318563905,0.8521341463414634,0.8524839016296369,656.0
