,precision,recall,f1-score,support
benign,0.8505434782608695,0.8694444444444445,0.8598901098901099,360.0
malignant,0.8368055555555556,0.8141891891891891,0.8253424657534246,296.0
accuracy,0.8445121951219512,0.8445121951219512,0.8445121951219512,0.8445121951219512
macro avg,0.8436745169082125,0.8418168168168167,0.8426162878217673,656.0
weighted avg,0.8443446594792035,0.8445121951219512,0.844301538755264,656.0
