,precision,recall,f1-score,support
benign,0.8436578171091446,0.7944444444444444,0.8183118741058655,360.0
malignant,0.7665615141955836,0.8209459459459459,0.7928221859706363,296.0
accuracy,0.8064024390243902,0.8064024390243902,0.8064024390243902,0.8064024390243902
macro avg,0.8051096656523641,0.8076951951951952,0.8055670300382509,656.0
weighted avg,0.8088704609164402,0.8064024390243902,0.8068104294594816,656.0
