,precision,recall,f1-score,support
benign,0.8821752265861027,0.8111111111111111,0.8451519536903039,360.0
malignant,0.7907692307692308,0.8682432432432432,0.8276972624798712,296.0
accuracy,0.836890243902439,0.836890243902439,0.836890243902439,0.836890243902439
macro avg,0.8364722286776667,0.8396771771771772,0.8364246080850876,656.0
weighted avg,0.8409310577419044,0.836890243902439,0.837276056436816,656.0
