,precision,recall,f1-score,support
benign,0.8371428571428572,0.8138888888888889,0.8253521126760563,360.0
malignant,0.7810457516339869,0.8074324324324325,0.7940199335548173,296.0
accuracy,0.8109756097560976,0.8109756097560976,0.8109756097560976,0.8109756097560976
macro avg,0.809094304388422,0.8106606606606607,0.8096860231154368,656.0
weighted avg,0.8118307485595864,0.8109756097560976,0.8112144220969606,656.0
