,precision,recall,f1-score,support
benign,0.8960244648318043,0.8138888888888889,0.8529839883551674,360.0
malignant,0.7859424920127795,0.8785714285714286,0.8296795952782462,280.0
accuracy,0.8421875,0.8421875,0.8421875,0.8421875
macro avg,0.8409834784222919,0.8462301587301587,0.8413317918167068,640.0
weighted avg,0.8478636017234809,0.8421875,0.8427883163840143,640.0
