,precision,recall,f1-score,support
benign,0.8742857142857143,0.85,0.8619718309859155,360.0
malignant,0.8235294117647058,0.8513513513513513,0.8372093023255814,296.0
accuracy,0.850609756097561,0.850609756097561,0.850609756097561,0.850609756097561
macro avg,0.8489075630252101,0.8506756756756757,0.8495905666557484,656.0
weighted avg,0.8513834802213568,0.850609756097561,0.8507984948830818,656.0
