{"benign":{"precision":0.8376963351,"recall":0.8888888889,"f1-score":0.8625336927,"support":360.0},"malignant":{"precision":0.8540145985,"recall":0.7905405405,"f1-score":0.8210526316,"support":296.0},"accuracy":{"precision":0.8445121951,"recall":0.8445121951,"f1-score":0.8445121951,"support":0.8445121951},"macro avg":{"precision":0.8458554668,"recall":0.8397147147,"f1-score":0.8417931622,"support":656.0},"weighted avg":{"precision":0.845059454,"recall":0.8445121951,"f1-score":0.8438166285,"support":656.0}}