,precision,recall,f1-score,support
benign,0.8632478632478633,0.8416666666666667,0.8523206751054853,360.0
malignant,0.8131147540983606,0.8378378378378378,0.8252911813643927,296.0
accuracy,0.8399390243902439,0.8399390243902439,0.8399390243902439,0.8399390243902439
macro avg,0.838181308673112,0.8397522522522523,0.8388059282349389,656.0
weighted avg,0.8406268261925999,0.8399390243902439,0.8401244401247483,656.0
