{"benign":{"precision":0.8606557377,"recall":0.875,"f1-score":0.867768595,"support":360.0},"malignant":{"precision":0.8448275862,"recall":0.8277027027,"f1-score":0.8361774744,"support":296.0},"accuracy":{"precision":0.8536585366,"recall":0.8536585366,"f1-score":0.8536585366,"support":0.8536585366},"macro avg":{"precision":0.852741662,"recall":0.8513513514,"f1-score":0.8519730347,"support":656.0},"weighted avg":{"precision":0.8535137669,"recall":0.8536585366,"f1-score":0.853514065,"support":656.0}}