,precision,recall,f1-score,support
benign,0.8402203856749312,0.8472222222222222,0.8437067773167358,360.0
malignant,0.8122866894197952,0.8040540540540541,0.8081494057724957,296.0
accuracy,0.8277439024390244,0.8277439024390244,0.8277439024390244,0.8277439024390244
macro avg,0.8262535375473632,0.8256381381381381,0.8259280915446158,656.0
weighted avg,0.827616156876882,0.8277439024390244,0.8276625974736032,656.0
