,precision,recall,f1-score,support
benign,0.8641618497109826,0.8305555555555556,0.8470254957507082,360.0
malignant,0.8032258064516129,0.8412162162162162,0.8217821782178217,296.0
accuracy,0.8353658536585366,0.8353658536585366,0.8353658536585366,0.8353658536585366
macro avg,0.8336938280812978,0.835885885885886,0.834403836984265,656.0
weighted avg,0.836666317996389,0.8353658536585366,0.8356352183273327,656.0
