{"benign":{"precision":0.8651026393,"recall":0.8194444444,"f1-score":0.8416547789,"support":360.0},"malignant":{"precision":0.7936507937,"recall":0.8445945946,"f1-score":0.8183306056,"support":296.0},"accuracy":{"precision":0.8307926829,"recall":0.8307926829,"f1-score":0.8307926829,"support":0.8307926829},"macro avg":{"precision":0.8293767165,"recall":0.8320195195,"f1-score":0.8299926922,"support":656.0},"weighted avg":{"precision":0.8328621724,"recall":0.8307926829,"f1-score":0.8311304568,"support":656.0}}