{"benign":{"precision":0.9053254438,"recall":0.85,"f1-score":0.8767908309,"support":360.0},"malignant":{"precision":0.8322981366,"recall":0.8933333333,"f1-score":0.8617363344,"support":300.0},"accuracy":{"precision":0.8696969697,"recall":0.8696969697,"f1-score":0.8696969697,"support":0.8696969697},"macro avg":{"precision":0.8688117902,"recall":0.8716666667,"f1-score":0.8692635827,"support":660.0},"weighted avg":{"precision":0.8721312133,"recall":0.8696969697,"f1-score":0.869947878,"support":660.0}}