,precision,recall,f1-score,support
benign,0.8662420382165605,0.7555555555555555,0.8071216617210683,360.0
malignant,0.7426900584795322,0.8581081081081081,0.7962382445141066,296.0
accuracy,0.801829268292683,0.801829268292683,0.801829268292683,0.801829268292683
macro avg,0.8044660483480464,0.8068318318318318,0.8016799531175874,656.0
weighted avg,0.8104929741888771,0.801829268292683,0.8022108515179269,656.0
