{"benign":{"precision":0.8960244648,"recall":0.8138888889,"f1-score":0.8529839884,"support":360.0},"malignant":{"precision":0.785942492,"recall":0.8785714286,"f1-score":0.8296795953,"support":280.0},"accuracy":{"precision":0.8421875,"recall":0.8421875,"f1-score":0.8421875,"support":0.8421875},"macro avg":{"precision":0.8409834784,"recall":0.8462301587,"f1-score":0.8413317918,"support":640.0},"weighted avg":{"precision":0.8478636017,"recall":0.8421875,"f1-score":0.8427883164,"support":640.0}}