{"benign":{"precision":0.8931750742,"recall":0.8361111111,"f1-score":0.8637015782,"support":360.0},"malignant":{"precision":0.8150470219,"recall":0.8783783784,"f1-score":0.8455284553,"support":296.0},"accuracy":{"precision":0.8551829268,"recall":0.8551829268,"f1-score":0.8551829268,"support":0.8551829268},"macro avg":{"precision":0.8541110481,"recall":0.8572447447,"f1-score":0.8546150167,"support":656.0},"weighted avg":{"precision":0.8579221726,"recall":0.8551829268,"f1-score":0.8555015105,"support":656.0}}