,precision,recall,f1-score,support
benign,0.9032258064516129,0.7777777777777778,0.835820895522388,360.0
malignant,0.7714285714285715,0.9,0.8307692307692308,300.0
accuracy,0.8333333333333334,0.8333333333333334,0.8333333333333334,0.8333333333333334
macro avg,0.8373271889400922,0.8388888888888889,0.8332950631458094,660.0
weighted avg,0.8433179723502304,0.8333333333333334,0.833524684270953,660.0
