,precision,recall,f1-score,support
benign,0.837696335078534,0.8888888888888888,0.862533692722372,360.0
malignant,0.8540145985401459,0.7905405405405406,0.8210526315789474,296.0
accuracy,0.8445121951219512,0.8445121951219512,0.8445121951219512,0.8445121951219512
macro avg,0.84585546680934,0.8397147147147147,0.8417931621506597,656.0
weighted avg,0.845059453957554,0.8445121951219512,0.8438166285478998,656.0
