,precision,recall,f1-score,support
benign,0.8681318681318682,0.8777777777777778,0.8729281767955801,360.0
malignant,0.8493150684931506,0.8378378378378378,0.8435374149659864,296.0
accuracy,0.8597560975609756,0.8597560975609756,0.8597560975609756,0.8597560975609756
macro avg,0.8587234683125093,0.8578078078078077,0.8582327958807833,656.0
weighted avg,0.8596413609778126,0.8597560975609756,0.8596664915797879,656.0
