{"benign":{"precision":0.8477690289,"recall":0.8972222222,"f1-score":0.8717948718,"support":360.0},"malignant":{"precision":0.8654545455,"recall":0.8040540541,"f1-score":0.8336252189,"support":296.0},"accuracy":{"precision":0.8551829268,"recall":0.8551829268,"f1-score":0.8551829268,"support":0.8551829268},"macro avg":{"precision":0.8566117872,"recall":0.8506381381,"f1-score":0.8527100454,"support":656.0},"weighted avg":{"precision":0.855749079,"recall":0.8551829268,"f1-score":0.8545719796,"support":656.0}}