,precision,recall,f1-score,support
benign,0.8198924731182796,0.8472222222222222,0.8333333333333334,360.0
malignant,0.8063380281690141,0.7736486486486487,0.7896551724137931,296.0
accuracy,0.8140243902439024,0.8140243902439024,0.8140243902439024,0.8140243902439024
macro avg,0.8131152506436469,0.8104354354354355,0.8114942528735632,656.0
weighted avg,0.8137764430801965,0.8140243902439024,0.8136248948696383,656.0
