{"benign":{"precision":0.8720930233,"recall":0.8333333333,"f1-score":0.8522727273,"support":360.0},"malignant":{"precision":0.8076923077,"recall":0.8513513514,"f1-score":0.8289473684,"support":296.0},"accuracy":{"precision":0.8414634146,"recall":0.8414634146,"f1-score":0.8414634146,"support":0.8414634146},"macro avg":{"precision":0.8398926655,"recall":0.8423423423,"f1-score":0.8406100478,"support":656.0},"weighted avg":{"precision":0.8430341638,"recall":0.8414634146,"f1-score":0.8417478702,"support":656.0}}