{"benign":{"precision":0.9070512821,"recall":0.7861111111,"f1-score":0.8422619048,"support":360.0},"malignant":{"precision":0.7761627907,"recall":0.902027027,"f1-score":0.834375,"support":296.0},"accuracy":{"precision":0.8384146341,"recall":0.8384146341,"f1-score":0.8384146341,"support":0.8384146341},"macro avg":{"precision":0.8416070364,"recall":0.8440690691,"f1-score":0.8383184524,"support":656.0},"weighted avg":{"precision":0.8479918408,"recall":0.8384146341,"f1-score":0.8387031794,"support":656.0}}