{"benign":{"precision":0.8859649123,"recall":0.8416666667,"f1-score":0.8632478632,"support":360.0},"malignant":{"precision":0.8184713376,"recall":0.8682432432,"f1-score":0.8426229508,"support":296.0},"accuracy":{"precision":0.8536585366,"recall":0.8536585366,"f1-score":0.8536585366,"support":0.8536585366},"macro avg":{"precision":0.8522181249,"recall":0.854954955,"f1-score":0.852935407,"support":656.0},"weighted avg":{"precision":0.8555104944,"recall":0.8536585366,"f1-score":0.8539415003,"support":656.0}}