{"benign":{"precision":0.8662420382,"recall":0.7555555556,"f1-score":0.8071216617,"support":360.0},"malignant":{"precision":0.7426900585,"recall":0.8581081081,"f1-score":0.7962382445,"support":296.0},"accuracy":{"precision":0.8018292683,"recall":0.8018292683,"f1-score":0.8018292683,"support":0.8018292683},"macro avg":{"precision":0.8044660483,"recall":0.8068318318,"f1-score":0.8016799531,"support":656.0},"weighted avg":{"precision":0.8104929742,"recall":0.8018292683,"f1-score":0.8022108515,"support":656.0}}