{"benign":{"precision":0.9050632911,"recall":0.7944444444,"f1-score":0.8461538462,"support":360.0},"malignant":{"precision":0.7823529412,"recall":0.8986486486,"f1-score":0.8364779874,"support":296.0},"accuracy":{"precision":0.8414634146,"recall":0.8414634146,"f1-score":0.8414634146,"support":0.8414634146},"macro avg":{"precision":0.8437081162,"recall":0.8465465465,"f1-score":0.8413159168,"support":656.0},"weighted avg":{"precision":0.8496939869,"recall":0.8414634146,"f1-score":0.8417879099,"support":656.0}}