{"benign":{"precision":0.8821752266,"recall":0.8111111111,"f1-score":0.8451519537,"support":360.0},"malignant":{"precision":0.7907692308,"recall":0.8682432432,"f1-score":0.8276972625,"support":296.0},"accuracy":{"precision":0.8368902439,"recall":0.8368902439,"f1-score":0.8368902439,"support":0.8368902439},"macro avg":{"precision":0.8364722287,"recall":0.8396771772,"f1-score":0.8364246081,"support":656.0},"weighted avg":{"precision":0.8409310577,"recall":0.8368902439,"f1-score":0.8372760564,"support":656.0}}