,precision,recall,f1-score,support
benign,0.8379120879120879,0.8472222222222222,0.8425414364640884,360.0
malignant,0.8116438356164384,0.8006756756756757,0.8061224489795918,296.0
accuracy,0.8262195121951219,0.8262195121951219,0.8262195121951219,0.8262195121951219
macro avg,0.8247779617642632,0.8239489489489489,0.8243319427218401,656.0
weighted avg,0.8260593399250264,0.8262195121951219,0.8261084786966937,656.0
