,precision,recall,f1-score,support
benign,0.89375,0.7944444444444444,0.8411764705882353,360.0
malignant,0.7797619047619048,0.8851351351351351,0.8291139240506329,296.0
accuracy,0.8353658536585366,0.8353658536585366,0.8353658536585366,0.8353658536585366
macro avg,0.8367559523809525,0.8397897897897897,0.8351451973194342,656.0
weighted avg,0.8423163472706157,0.8353658536585366,0.8357336142237073,656.0
