,precision,recall,f1-score,support
benign,0.8520710059171598,0.8,0.8252148997134671,360.0
malignant,0.7735849056603774,0.831081081081081,0.8013029315960912,296.0
accuracy,0.8140243902439024,0.8140243902439024,0.8140243902439024,0.8140243902439024
macro avg,0.8128279557887685,0.8155405405405405,0.8132589156547791,656.0
weighted avg,0.816656546045197,0.8140243902439024,0.8144253531239195,656.0
