,precision,recall,f1-score,support
benign,0.8696969696969697,0.7972222222222223,0.8318840579710145,360.0
malignant,0.7760736196319018,0.8547297297297297,0.8135048231511254,296.0
accuracy,0.823170731707317,0.823170731707317,0.823170731707317,0.823170731707317
macro avg,0.8228852946644358,0.8259759759759759,0.8226944405610699,656.0
weighted avg,0.8274522873505366,0.823170731707317,0.8235909886010647,656.0
