,precision,recall,f1-score,support
benign,0.8360655737704918,0.85,0.8429752066115702,360.0
malignant,0.8137931034482758,0.7972972972972973,0.8054607508532423,296.0
accuracy,0.8262195121951219,0.8262195121951219,0.8262195121951219,0.8262195121951219
macro avg,0.8249293386093839,0.8236486486486486,0.8242179787324062,656.0
weighted avg,0.8260158005763213,0.8262195121951219,0.826047952184032,656.0
