{"benign":{"precision":0.8617021277,"recall":0.9,"f1-score":0.8804347826,"support":360.0},"malignant":{"precision":0.8714285714,"recall":0.8243243243,"f1-score":0.8472222222,"support":296.0},"accuracy":{"precision":0.8658536585,"recall":0.8658536585,"f1-score":0.8658536585,"support":0.8658536585},"macro avg":{"precision":0.8665653495,"recall":0.8621621622,"f1-score":0.8638285024,"support":656.0},"weighted avg":{"precision":0.8660908889,"recall":0.8658536585,"f1-score":0.8654486273,"support":656.0}}