,precision,recall,f1-score,support
benign,0.89937106918239,0.7944444444444444,0.8436578171091446,360.0
malignant,0.7810650887573964,0.8918918918918919,0.832807570977918,296.0
accuracy,0.8384146341463414,0.8384146341463414,0.8384146341463414,0.8384146341463414
macro avg,0.8402180789698932,0.8431681681681682,0.8382326940435313,656.0
weighted avg,0.8459891024052587,0.8384146341463414,0.8387619743426153,656.0
