{"benign":{"precision":0.8198924731,"recall":0.8472222222,"f1-score":0.8333333333,"support":360.0},"malignant":{"precision":0.8063380282,"recall":0.7736486486,"f1-score":0.7896551724,"support":296.0},"accuracy":{"precision":0.8140243902,"recall":0.8140243902,"f1-score":0.8140243902,"support":0.8140243902},"macro avg":{"precision":0.8131152506,"recall":0.8104354354,"f1-score":0.8114942529,"support":656.0},"weighted avg":{"precision":0.8137764431,"recall":0.8140243902,"f1-score":0.8136248949,"support":656.0}}