{"benign":{"precision":0.8676923077,"recall":0.7833333333,"f1-score":0.8233576642,"support":360.0},"malignant":{"precision":0.7643504532,"recall":0.8547297297,"f1-score":0.8070175439,"support":296.0},"accuracy":{"precision":0.8155487805,"recall":0.8155487805,"f1-score":0.8155487805,"support":0.8155487805},"macro avg":{"precision":0.8160213804,"recall":0.8190315315,"f1-score":0.815187604,"support":656.0},"weighted avg":{"precision":0.8210624465,"recall":0.8155487805,"f1-score":0.8159846831,"support":656.0}}