,precision,recall,f1-score,support
benign,0.888235294117647,0.8388888888888889,0.8628571428571429,360.0
malignant,0.8164556962025317,0.8716216216216216,0.8431372549019608,296.0
accuracy,0.8536585365853658,0.8536585365853658,0.8536585365853658,0.8536585365853658
macro avg,0.8523454951600893,0.8552552552552553,0.8529971988795518,656.0
weighted avg,0.8558469389608268,0.8536585365853658,0.8539591446334631,656.0
