{"benign":{"precision":0.8583569405,"recall":0.8416666667,"f1-score":0.8499298738,"support":360.0},"malignant":{"precision":0.8118811881,"recall":0.8310810811,"f1-score":0.8213689482,"support":296.0},"accuracy":{"precision":0.8368902439,"recall":0.8368902439,"f1-score":0.8368902439,"support":0.8368902439},"macro avg":{"precision":0.8351190643,"recall":0.8363738739,"f1-score":0.835649411,"support":656.0},"weighted avg":{"precision":0.8373861742,"recall":0.8368902439,"f1-score":0.8370426269,"support":656.0}}