{"benign":{"precision":0.8346883469,"recall":0.8555555556,"f1-score":0.8449931413,"support":360.0},"malignant":{"precision":0.8213058419,"recall":0.7966666667,"f1-score":0.8087986464,"support":300.0},"accuracy":{"precision":0.8287878788,"recall":0.8287878788,"f1-score":0.8287878788,"support":0.8287878788},"macro avg":{"precision":0.8279970944,"recall":0.8261111111,"f1-score":0.8268958938,"support":660.0},"weighted avg":{"precision":0.8286053901,"recall":0.8287878788,"f1-score":0.8285410981,"support":660.0}}