{"benign":{"precision":0.8413597734,"recall":0.825,"f1-score":0.8330995792,"support":360.0},"malignant":{"precision":0.7920792079,"recall":0.8108108108,"f1-score":0.8013355593,"support":296.0},"accuracy":{"precision":0.818597561,"recall":0.818597561,"f1-score":0.818597561,"support":0.818597561},"macro avg":{"precision":0.8167194906,"recall":0.8179054054,"f1-score":0.8172175693,"support":656.0},"weighted avg":{"precision":0.8191234207,"recall":0.818597561,"f1-score":0.8187670336,"support":656.0}}