{"benign":{"precision":0.8371428571,"recall":0.8138888889,"f1-score":0.8253521127,"support":360.0},"malignant":{"precision":0.7810457516,"recall":0.8074324324,"f1-score":0.7940199336,"support":296.0},"accuracy":{"precision":0.8109756098,"recall":0.8109756098,"f1-score":0.8109756098,"support":0.8109756098},"macro avg":{"precision":0.8090943044,"recall":0.8106606607,"f1-score":0.8096860231,"support":656.0},"weighted avg":{"precision":0.8118307486,"recall":0.8109756098,"f1-score":0.8112144221,"support":656.0}}