{"benign":{"precision":0.8505434783,"recall":0.8694444444,"f1-score":0.8598901099,"support":360.0},"malignant":{"precision":0.8368055556,"recall":0.8141891892,"f1-score":0.8253424658,"support":296.0},"accuracy":{"precision":0.8445121951,"recall":0.8445121951,"f1-score":0.8445121951,"support":0.8445121951},"macro avg":{"precision":0.8436745169,"recall":0.8418168168,"f1-score":0.8426162878,"support":656.0},"weighted avg":{"precision":0.8443446595,"recall":0.8445121951,"f1-score":0.8443015388,"support":656.0}}